brand_id,brand_name
18984,Logitech
18641,Sony
50629,ANKER
74674,Bigen
18991,Cooler Master
19107,Fuhlen
18804,Panasonic
18985,Sennheiser
18792,Microlab
21273,Pond's
21268,Sunsilk
21590,Vedette
21261,Durex
22095,Sagami
22653,Nivea
24921,Evoluderm
19018,Philips
26689,VICHY
27918,TRESemmé
31580,Mayan
32909,Milaganics
284599,Purité De Prôvence
33203,Omron
34398,Microlife
27449,Beurer
21265,Dove
40626,Avène
21269,Clear
41391,Điện Quang
41660,Johnson's Baby
33652,Luminarc
25502,Citizen
21266,Lifebuoy
21274,Vaseline
41661,LISTERINE
5221825,Life360
51059,Ginseng House
47489,La Roche-Posay
47663,Romano
79599,BARRIER
48201,AUM
34379,Banana Boat
18802,Samsung
48727,Jomi
25422,Xiaomi
243693,UGREEN
50693,VEET
46335,Gillette
52207,SVR
18845,SanDisk
47664,Enchanteur 
52496,Kinbar
52977,Selleys
25229,Bosch
64152,Okamoto
47422,Nhơn Hòa
74676,Cléo
40699,Prota
79650,Mpower
19588,Comet
47415,Dew&Dew
85867,Aquaselin
64932,Laneige
86206,Senka
108326,Dercos
859997,Stanhome Family Expert
41048,Sunhouse
111455,SSK
111461,OEM
112278,Bestdon
218165,Soundcore by Anker
112887,Acnes
112882,Sunplay
22013,Hada Labo
112885,Selsun
18805,Dell
113778,Evian
113854,Abus
114329,AlcoFree
142848,Yazole
143006,Dorco
143086,Menly
143130,Lorganic
21253,Dabo
26150,Casio
144639,Tescom
21276,Pantene
145543,Winwinshop88
48077,LocknLock
48649,Braun
148961,Benchusch
31627,Elmich
150229,HighQuality
19312,Energizer
150004,Langston
150002,DareU
25403,L'ORÉAL
4647777,Ngọc Quý
21867,Kotex
22393,Rohto
238407,Oribe
46363,Julius
829895,NoseWash
145037,Tâm Thiện Chí
152763,Plyconcept
21125,Happy Cook
153315,Mack's
20304,Fivestar
155090,Annayake
114514,RINGO
151948,Charme
155086,Orlane
41408,Makita
25048,Maybelline
154167,Mỹ Phẩm Ngân Bình
143820,Học Viện Quân Y
156143,Refre
156145,Melano CC
63747,3M
65071,L'amont En Provence
149699,Cetaphil
156409,BULOVA
159283,Tmark
160211,ANESSA
156529,Wacom
161077,Duy Thành
49242,Diana
160941,The Body Shop
162169,SOLGAR
48381,3W Clinic
163213,Bông Bạch Tuyết
160841,Móc Móc
164391,Remos
164793,NobleChairs
165285,VCurmin
31632,Safia
167567,Sukin
166383,Serenys
52315,Jamo
167817,Zoley
168731,Damode
168555,One4One
17827,Apple
168669,ZOOYOO
155216,Korea Red Ginseng
50331,Klipsch
46679,Huy Hoàng
174505,ARM & Hammer
145556,Gembank
159019,NeoCurma
152755,TS24H
181341,V2U healthcare
169917,The Saem
253687,Agimexpharm
147856,Kindle
156901,Banobagi
185177,Navipha
185211,Rio Beauty
47678,IMediCare
182017,Masculan Das Kondom
191181,Coco-Secret
50662,BIODERMA
191611,XP-PEN
184457,Dugena
31929,Khaluck.Home
186549,Naruko
48599,Mediheal
144376,Lifetrons
48249,Silcot
51302,Sumika
510089,Aplus
47882,SKMEI
196109,Cooling pad
192493,Vesine
197655,Ulanzi
200595,Greelux
199937,Thorakao
198843,Truemove
156141,KOSÉ Cosmeport
191261,Festina
191235,Romanson
199801,KGC Cheong Kwan Jang
148559,Everon
207249,White Conc
202043,GO Healthy
200337,Janssen Cosmetics
41403,X-Men
193837,LuxJy Jewelry
290001,Bảo Nam Cosmetics
182293,Paula's Choice
204731,SRWATCH
27464,TP-Link
111626,Arun
205847,Kanehide Bio
21673,Bose
184409,VIETGEMSTONES
186747,Takstar
144691,Korea Ginseng
199495,Brita
207367,Thiên Mộc Hương
74999,Dalton
197443,Coast
209879,Rosette
143398,Honeywell
202437,Secret Key
211415,Kềm Nghĩa
114328,Eucerin
206003,Muối Ngâm Chân Thảo Dược Hợp Tác Xã Sinh Dược 
411791,Tesori D'Oriente
185127,Gohar Saffron 
216065,Netac
148844,OGATIC
212575,YAMATO
27396,Puritan's Pride
47803,Orihiro 
47615,Spirulina System
110666,Immortel
217727,Owgels
191669,Ultra Thin
218061,Halio
505165,Song An Eco
174699,ORIENT
193677,Rạng Đông
214305,Goldentime
154319,868
20215,JBL
196829,Yanhee
222917,Crownman
223557,Yoho Mekabu Fucoidan
223671,olmeca
223749,FIXDERMA
27481,Lanaform
212461,eData
26675,Mobifone
47425,TNE
229213,Bphone
25277,Vinaphone
159441,Laliz
230983,Việt Tiệp
166419,Likgus
231355,Omar Sharif Paris
153444,Yamaha
148818,Total
231297,HONEYLAND
21279,Olay
232723,TRISA
166773,KLY
237567,Máy vật lý trị liệu Wonder MF5 08New
48945,Curaprox
209333,Thiên Thanh
239653,OZ Slim
186605,TOSHINO
239943,Kim Tiền Jewelry
217777,Hatomugi
242001,Ya-man
159427,Nuskin
239655,BOSSINON
200189,DHC
221187,COCAYHOALA
21653,Hoco
143976,Suntek
213319,Trường Thọ Pharma
244095,Cindy
246571,GH Creation
143256,Smart Case
158915,Miss Candle
173547,Bảo Ngọc Jewelry
156415,Asafe
231973,Đông Dược Bình Đông
196271,Plextone
238861,TSUBAKI
144477,iNGCO
21278,Head & Shoulders
251107,Eucryl
21651,Baseus
206855,Oyster Man
208105,Pelican
250865,Senci
198965,Greetmed
19071,Genius
259827,Youtheory
254629,Defunc
145335,Kirkland
200673,Ibesky
269907,Kpem
183257,Bạc Hiểu Minh
207475,Arrahan
867937,Truong Nhung Jewelry
255877,CRNAIRA
223295,HALEI
260955,OLYMPIAN LABS
273971,Laurier
260977, Daedong Korea Ginseng
274953,fourron
150399,Waterpik
227957,HECTOR
167357,Furomi
232159,BALANCE ACTIVE FORMULA
245063,Umiha Organic
277781,Ohio Ốc Sên New Day
149789,Nintendo
239363,Lich5
177831,Hướng Dương
65418,DALAN
279911,NOTO
114333,Blossomy
7378235,Kingdom Herb
154910,Tronsmart
282185,Love Beauty And Planet
154754,Royal Crown
200319,Shengke
31626,Smartcook
280113,Cao Gừng
281343,PANMILA
20271,Rapoo
151702,Meishoku
203901,Biore
219625,AN BÌNH
287227,Tennenbi
288231,Titapha
284315,Karseell
153733,Shiseido
167853,Bạc Quang Thản
21437,Maxell
202071,Innova
111393,Bosston
741117,LATIMAX
303503,An Hầu Đan
307105,NAT C
17825,HP
310505,AM
156043,Dân Khang
111441,NEO
183795,OKAMURA
317315,ETIAXIL
183013,Goodhealth
63967,Flyco
223635,Versace
318945,Dược Phẩm Hoa Linh
314543,Spirulina
142542,Benew
202607,Innisfree
65255,Ducray
284381,COSRX
230165,Doublepow
206523,Hoài Thương Organic
270981,Thái Dương
257839,Valentine
303445,Gold Element
276543,Glosbe Jewelry
356243,Longfian
362275,Beautylabo
243913, GAOMON
354721,Botanifique
287339,4TECH
21672,Tuxedo
274015,FNGEEN
165897,Yunteng
291997,Caviar of Switzerland
185083,VENTION
315335,New Tech Pharm
2297339,Dong nam Medical
174069,Hikvision
110481,Hapaku
180597,MINISO
65095,Cisco
370043,Rocker
113125,AZODRA
48399,Schwarzkopf
370711,Sinocare
250531,Some By Mi
374249, NICHIRYO
363961,Rinfere
162945,Teac
233085,SHN
402287,HoMedics USA
360443,ROntheedge
282065,LIONKING
321805,Aqua Mineral
277519,DandiHome
275197,Apestomen
298405,DCYTLOC
50368,Cambridge Audio
326671,Gblue
217953,Behringer
230607,Hobby Home Decor
41528,Forter
407561,CHONMUA 365
193489,Handtown
290029,hasini
149308,Nillkin
31581,Dermal
405211,Lobinni
413961,Royal Stuart
370343,Obsidian
183319,Nitta Gelatin Inc
406479,Nashi
47876,Gervenne 
372895,Cỏ Mềm
283249,ELGON
419037,PIERROT
316217,RELIEFBAND
152806,Winner
235541,GOG
245945,miDoctor
660813,Yandou
152822,Weldcom
368631,ANQLO LUSSO
19788,Huawei
241131,ORBE
154845,Klirvin
412807,Moxpad
258977,SU:M37
25697,Viettel
111459,Craven
178003,lincup
114527,Garmin
177811,Julyhouse
21588,Josto
50807,Sensodyne
260259,Yayusi
364731,NETTACASE
420823,Ban Mai
445011,malizia
26274,Crown
408443,Mai Lee
194403,Doppel Herz
296157,SMLIFE
428977,KOMONOYA
40901,Vi Va
110996,Kiwi
204875,RIONET
307531,O'2nails
149913,SUNRISE
148551,MT-VIKI
427581,HANMYNGHE
198975,Thanh Nghị
179125,Crest
444709,PDJ
300267,Linptech
278107,SUNZIN
53557,VINANOI
430445,Cell Fusion C
182139,Aurane
455513,AKOMI_JE
455955,Perfume Generics
225363,DECUMAR
48621,Roman
258315,Dynamic
21688,Missha
400077,GROWATT
178501,KINGNUOS
112886,OXY
463255,Black Pearl
469887,The Ordinary
21272,Rexona
523789,IGA
155308,Unitek
256611,Excelvan
18776,Razer
144845,LiOA
254129,Nerhor
234023,DiskDr.
281769,SAM Leather
111467,VR Shinecon
464951,ONYX
279957,BSK
354595,Old Spice
361507,FLOVEME
484879,Davines
19246,Microsoft
487213,Gluco Dr
454391,Thuận Thành
488997,Member's Mark
248445,Klairs
211603,NATROL
321545,BELIPS
155524,Karibon
47424,Lucass 
443441,Lewitt Audio
48202,ANBENA
493321,V10PLUS
406413,Takichi
150297,M.A.C
255043,VSON
148534,BBIA
495507,Mỡ Trăn N'store
401041,Advantec
204301,Everon Lite
259783,Ru9
498605,Creed
499169,Origani
113716,Floslek
314409,TIGI
502135,Hiruscar
74559,Taka
183111,Dunlopillo
254393,MAXXHAIR
270875,Milliken Tampe
506629,KEDMA
252399,A
226401,AMOI
456351,Amalife
510791,GluNEO
511405,Sanora
112888,BMB
195495,Kingmaster
368347,STD
163707,Memumi
143353,Ringke
522685,Flyingvoice
169013,Ulefone
520917,LiNaSa
514097,DAT PROFESSIONAL
145567,Knowledge Zenith
522525,JMGroupFood
527433,CORDYCEPS SPECIAL
516689,KIOTOOL
524163,HANCOOK ANDERSON
332519,CeraVe
53189,Yuwell
304627,CON DƠI
152786,Boss
145656,Bayer
209135,Black Rouge
153086,RAVPower
530597,aonikasi
26718,Stanley
454787,DocNeem
151165,Procare
110935,Nagakawa
150215,Sắc Ngọc Khang
475619,vibro shape
149256,Xundd
155734,Trung Nguyên
144779,Marshall
228187,Dyson
50655,Duy Tân
312329,VINETTEAM
542605,The Cocoon
527379,b.glen
21256,Adidas
518605,Foellie
25406,Aqua
198557,Ngọc Châu
281361,LAGIVADO
539119,TIC Audio
155505,Fobelife
532949,Korea Ginseng Bio-Science 
27398,Homedics
193811,BUBM
152306,Spigen
473565,ITelecom
154733,Lip On Lip
150433,Mophie
535885,GEAR4
557687,Bidameun
216347,SADA
41083,Zadez
625265,Photodesign VN
525257,MOFT
475005,Clean Paper Straw
145090,Toàn Anh
211343,STARBALM
48247,Unicharm
252345,Lazy Box
50307,Denon
143771,Rebirth
562001,Truesky
433227,queencrown
566411,Ritmüller 
541293,Enchen
548965,Dongsuh Furniture
296041,Nashi Argan
451383,pretul
568489,iCare Pharma
885693,ROSAVAN
290791,Worx
560095,Genki Fami
112735,Oukitel
252693,Kiehl's
111625,Yoosee
111457,Ruizu
446513,WONDER BATH
278035,Đồ đồng Lê Gia
218151,Hadosa
63894,Kemei
155376,Anjo
274063,Kevin Murphy
538513,WAHL
282263,FUKI
205035,Umiha
257507,Gamma Chemecals
514213,Olaplex
160667,ZAGG
248191,Weilaiya
550041,BL Tech
145339,Vitabiotics
230537,ASA
74643,Daichipro
17856,Amazon
475611,jichen
17826,Asus
298633,optiba
480737,Median
613285,Z-SX
212647,SMY
510303,codol
479473,Dr.Jart+
143607,Kai
614435,OTO
508845,AWAKETHECELL
616653,Nga Hoàng
221169,Skin1004
155701,Tokyo
7372899,Charmi Color
407749,JILE
48567,Phú Nông
182449,BFAudioPro
192489,DELICATE
217131,Bifina
294273,Thuần Mộc
236503,The Yogis Shop
46007,OHUI
5244477,Slimming Care Việt Nam
508909,LENIS
624383,Parfums De  Marly
111670,Đại Sinh
198555,Nguyên Xuân
626103,3T Xoang
180545,SR
557311,ST Beauty
4424515,MIHOCO
505803,OHIO
406837,SDRD - SD
177927,Google
225619,ACON
594779,Blues Jewelry
524561,Kimiso
280167,Lameila
173743,Nhang Xanh
64922,Dragon
635623,Pearl River
19034,Belkin
53740,Micoem
200779,VANAV
618755,G01
631569,KINGTECH
235091,Girlz Only
65417,FRAN WILSON
660533,Ecologic Barrier
178883,New Smile
660715,King Fucoidan & Agaricus
637535,FELINA
569135,Rejuvaskin
663447,Luma Nano
500047,PKCB
454251,QuickStick
183251,M.O.I
314675,Robot
183625,Kobo
524255,Lahutech
218129,Goldseee
4433917,Dan House
50637,Uncle Bills
47794,Double Rich
257717,DIZIGONE
244351,Fine Japan
191907,SADU
167099,Hario
694875,Gold Elements
661081,Dalugi
153516,Biyokea
104279,Hyundai
209651,IDENEL
259989,Image Skincare
185315,SNDWAY
549763,YORN
623493,Dynik
257333,Vsmart
186751,Viet Healthy
701913,Khánh Nga
274777, KOREA GINSENG BIO
564361,Orgahue 
197767,Inochi
491887,one a day
161949,Kama
402993,Thalissi
180151,Tannoy
50034,Rando
707789,LINEABON
720689,BestLab
275769,Sacombank-SBJ
144018,UAG
724571,Academie Scientifique De Beaute
201089,SIB DECOR
21271,P/S
491699,Closeup
472329,EVE
171149,JCPAL
732431,PONIGER
569677,rakuten
362197,FORSINING
21733,St.Ives
686325,CAVARA
247667,Bảo Mỹ Xuân
245857,Sanct Bernhard
148698,Nubest
471845,Pioneer DJ
19032,Pioneer
236637,NodaCook
7304105,Túi ni lông tự phân hủy sinh học GIMEX II
195137,CUENA
295203,FUJIKA
745589,Bình Đông
718983,Bravat
525323,Fanvil
174389,YAMADA
74831,Unilever
509985,DAT PROFESSIONAL AUDIO
280349,Aspor
462031,IPC
746615,Parroti
212267,WIWU
542569,Gintell
410625,Free Wolf
736739,RILAND
171499,Aturos
718093,Green Konoha
180761,Golf
691055,TOPHILL
171991,Zealot 
560853,Cancer Council
625853,vivan
548147,Nivea Men
835483,eLights
205535,Helios
19813,Tefal
567189,Holikey
192731,TDCare
7798357,ST SOHOGO
837855,XUDI
241479,iSK
146400,Dolphin
45589,GOODAL
842175,RADWAG
273281,Bio-Oil
283219,Edally
847543,VN Number One
725567,DXD
848485,KOJMAC
4238147,CELLKEY-SCIEN
850365,Genive
79682,Colgate
307609,Neutrogena
851519,SPEVI
172059,GameSir 
710419,SmileBox
746283,King Keshi
449693,Healthy Care
142956,Mỹ Linh
856589,GOODFIT
79688,Palmolive
856973,PH Scientific
302375,HXSJ
857657,Rox
527193,Mantaray
144317,Fitis
231945,Blue Hills Honey
229809,Mollis
215929,LAFINE
697923,LIDACO
837479,CONVI
614727,Trường Sơn
177983,Mimitakara
165571,LUXKORE
864171,d program
865327,AVMATRIX
858333,HYSJ
145029,Eco Friendly
872337,Natureine
859857,Bonchowi
367577,TERESA HERBS 
286789,"COSMAX BIO, Inc"
18851,LG
85014,Young Chemical
247549,Realme
258135,Baona
419129,HOTCASE
842373,NETTA
146479,SoundPEATS
865351,Hamita
147723,NIBOSI
53832,OGCARE
860053,Phiten
183325,Blackmores
201773,Caryophy
454665,Ecocare
3034457,DUYANHBEE
427535,TEKI
616207,TriggerPoint
867031,DOHORA VN
922779,SANTAFA
165403,Rapido
541755,Fobe
922767,IDr.Skin
733583,Age No More
430485,BlackMount
894177,Message Coffee
695669,H.T cook
149537,Naturehike
927055,KIOXIA
807369,MARILYN
219695,CAROLINE
298489,Đồng hồ Lobinni
839837,FuNu
362757,KZ
508313,booster
185677,Legaxi
461413,Hegner
612431,Tool bag Anh Tuan
610057,TEINTOP
734429,PlasmaKare
234665,H2ofloss
244563,Metabo
505907,QGeeM
929563,ABG
550695,La Fon
939519,MAXO
949831,TRATAC
893943,dBacoustic
523467,China Mobile
922859,FOVI-C
189445,ESR
1773095,Sonia
179387,Bosny
47427,Accu-Chek
937185,Love Skin White
49331,Kachi
929841,BOORUI
450299,HUKEY
185075,SIMPLE
3185581,Acnevir Santafa
212149,Ogx
195207,Keukdong Health Pharm
1902711,Genocell
148220,ABLOY
246045,CHOETECH
205957,PICOOC
453105,Glanzen
356031,Pharmaact Cool
870947,MARTIDERM
864561,HBH
885047,TRIỀU CƯƠNG TECH 
775567,BEYOURs
3812995,TOP BLK
273243,Trunature
110682,Orico
374079,Sen Vàng Seeds
858925,Solax Power
3866781,Nhà của Mẹ
878839,GOODTOOL
3970517,Selfiecom
464405,Nệm Thuần Việt
3978875,Golden Care
474145,nam anh
619995,Thịnh Đạt
222015,FOREO
3977923,Hani x Hani
411307,MAYOR WOLF
749425,BELLPLUS
2630119,AMA
64943,MEGUMI
660029,Living On
726473,300SKIN
416127,the history of whoo
3806307,Alphatra Classic
183203,Hanvico
196425,Blackmagic Design
3748887,Shouse
145337,NeoCell
837721,Essesa
156411,Promax
550647,Medik8
50763,Crystal
4065253,Morninghouse
111458,Earldom
4251381,Moontronics
300165,Freelander
79440,Tiger
50653,Mentholatum
258419,Pharma
4066651,pH.BALANCE
4244853,Tamayoko
427097,Larian+
4093985,okachi
148049,No
160533,BG
863033,ycool
805681,KASAWI
235879,TETE
111454,Remax
291385,Dr. Muối
4215399,Fascial Gun
231023,MS
412629,Holex
234815,Hengfang
4224691,VinBuy
709163,Waternymph
4011099,KUNBE
477955,Turbosound
373635,CaseMe
3979027,Vankyo
484375,OENON
4234729,Damas
578757,On Call
20324,KOVA
929067,Premier by dead sea Premier
704815,MOON Jewelry
215649,JOBST
578915,OLAPLE
936613,Phượng Mẫu Đan
4243517,Happy Phar
936509,Long Phụ Đan
4238249,BIJINDO KIREI
496357,Khacten.com
3985581,CTFAST
469431,Greenbon
4244773,Vianature
324891,RAM LEATHER
841593,VIJULLY
632685,DEGREE
4246951,TIDAMO Tinh Dầu Số 1
848709,LÁRE
867995,Sunflame
630179,Acome
4259829,ECONOMICXI
209501,Corsair
201259,Emart
689449,LUVIUS
478585,SGS
856971,Hàu Biển OB
204895,VANDO
53335,HYPERX
4269901,MO hi
4271555,DEGO PHARMA
4019225,Krill 56
879421,USLION
939243,NPCARE
25501,Laica
4274875,Evian Brumisateur
4259821,Kitimop
53195,Sakos
171459,SANDA
162313,Gor
18420,ADATA
938179,Friday's
209187,Cho Nami
185209,SHURE
355541,RR
885749,Kassaw
862545,Vemoda
423053,OLEVS
504203,NETBOX
276745,DEWYTREE
680981,KEIO NIPPON
4254887,Blazel
612965,Anyguard
4284003,Kernel Medical
185875,Sao Thái Dương
145914,Honjianda
218967,Midas
4409909,MIREN
150522,Swarovski
4307205,Besti
886923,FAMAPRO
665539,Trang Sức Cô Tấm
45884,Titan
4275489,Khang Thận Đơn
4275591,T.rimax
4401579,SHOFUKA
112081,COFFEE TREE
4427297,Fortress
464185,Royal Kludge
821321,JIMMEAL
157347,Nikio
4431399,ACNEVIR
4431443,CALCIUM MILK
308227,Mật Ong Phúc Khang
40971,Cocoon
193683,NeoVision
25964,Facare
424177,HONIMORE
33036,Prolink
3989771,TABAHA
4439203,TC ELECTRONIC
845301,ZIYOU LANG 
4440139,HKMED
254399,Tenamyd
174391,INOMATA
274577,Kingkong
777069,SIDOTECH
227665,AHC
152363,Let-green
739589,CHUMY
232747,Pocheon
196181,AMAZFIT
182349,VIETCOCO
155108,Matinee
3867703,BREATH PEARLS
4507671,HiBow
4507657,KLARK TEKNIK
273633,May Island
21280,Camay
4509065,SJ Global
4440449,kippzonen
4439171,TC Helicon
234143,82x
4508621,LAB.GRUPPEN
272829,Nano AHT
407203,Yeelight
214705,ASOHA
737285,BeUCup
614847,Zakka Naturals
4430657,Bamboo Life
288389,Huệ Ngân
847683,Kendai
622483,C'BON
424977,TISSELLY
4528657,OLIKA
4245215,DAISHIAO
632589,Sinh Dược
529027,SALONLINK
21886,Just Cavalli
214179,Royal London
4534193,THAFA
155263,Lucas
184299,Shell
4423429,Nano Ocean
244117,Exclusive Cosmetic
705271,ZEELOT
212371,2Good
4589937,SJMmedical
4251451,Meliya accessories
4600133,YANTAO
540183,Phúc Linh
214183,NIXON
150519,ANNE KLEIN
209853,Lifebouy
583511,COLGATE-PALMOLIVE
206015,Caesar
359427,Banila Co
4635339,MAGIX
274275,May 10
4610513,BUGERA
625233,DERMAPEEL
937137,Koharu
290071,Nakagami
4202899,iKiU
842073,Elasten
4599785,NexTool
111684,Itel
873091,GOLDLIVER
198785,Dạ Hương
745957,BESTON
259421,BNBG
4640693,Antari
4743793,PAUDIO
4649297,Phonic
4649283,MARANI
4649299,B&C Speakers
632261,Suprema
560863,Kirkland Signature
867647,Sitto
192947,Doctor care
167287,Wharfedale
451817,TENKO
362745,ICASE
4509271,SNF BAMBOO AND CRAFT
4298221,THANHLX
846663,Mắt Việt
568851,ROBINLUX
5215439,Funiko
4642465,Sherlyn Diamond
4529099,BORMAN
177783,Không sử dụng
234331,beauty garden
737237,HT SYS
46703,Deli
79709,Mamamy
924277,Haesong Vina
4655669,G TREE
1141905,JAMOUL
4683951,AOUKE
165313,Bát Tràng
422017,MIXIE
4688011,Miz MEDITECH
4515995,DKB
4691865,NPH Global
203101,Hanayuki
31835,Lactacyd
5225483,TakyHome
4529021,LANITH
143249,Alice
251973,Saffron Palace 
368017,Larian
4702857,Dalabo
520533,Ayosun
4706223,TNC JEWELLERY
114568,SENKO
4522605,GREENCASE
419263,Likebook
509221,Ưng Ý
40734,Ogawa
111422,Peppy
25643,OPPO
414313,PIZKIE
4489095,super MEN
112638,Masstel
215231,E-DRA
225615,Nông Sản Vàng
74552,Dahua
4664555,Kzm Kurtzman
196423,Aukewell
19673,Nokia
878331,Sâm nhung bổ thận
4768715,Voltronic Power
4282231,Deye
184297,VOLTRONIC
579633,Sungrow
257373,FEG
472079,Yealink
4403455,Artesia
7368269,TOK DO DO TOKDODO TOK DO DO
4777435,Citta
3216013,HUNONIC
412709,Nucos
858145,Tinh Dầu 100
48865,TEVISE
149797,Doctor K
4783951,Maxfine
526683,Anqlo
20954,Max
469547,Nữ Nhân Hoa
4797695,AAEON
4784973,sin hair
254939,Nikita
626253,Nakiz
185015,Bửu Nghệ Thành
4691869,XSmart
3955813,Ema
4811511,SUYANG
213569,Redwin
4816869,PEKAH
4435757,Faroson
577695,IRISH SPRING
4514729,COBA'COOK
144527,KEF
144538,B&O
4827409,OSAKA JSC
208677,Mr. Fresh
26273,Elite
688177,Maxwell
470301,perfetta
4740303,EMHOME
208071,Mộc Nhu
453147,TheNgauStyle
4698745,Dacosa Warm Winter
4678387,Cỏ mềm HomeLab
298989,CLINIQUE
557917,SUNISA
836453,Mifan
287433,COSMAX BIO
496841,Ohaus
192495,Imice
4729191,IONPIA
216511,OLO
154443,Tanaphar
4284249,Á ÂU
165279,OVUTANA
162841,Ugotana
4880003,Medstand
5272043,Bổ gan cà gai leo
47959,LH TANA
840773,Dược Phẩm Cát Linh
111643,Daniel Wellington
312323,Manovo
4877037,HNT NATURAL PRODUCT
4743605,BIM HOUSE
4408565,SOHOGO
4885445,Nevato
203985,Ziaja
4885471,Fuji Master
868633,ENCOVINA
5196303,HT Sports
4886617,BOMTECH
155563,WK
4886143,SYL
4830357,Schmalz
4913653,M.I.Tech
493435,homer
4919467,KEYLASER
4919477,MENOBEAUTY
4884469,GROVES
4278291,Beco
4920899,More3
4921049,SHENZHEN LANGDAI BEAUTY
4897651,Mukti
4842743,Chef Studio
24876,Yoobao
493985,OGX Beauty
4878479,Xưởng Mộc Việt
725993,VAYO
4524885,YUKINA
1099817,Ecom Med
520061,Monrovia
313739,SMSL
662957,Yamhaha
4058421,Songhan Leather
505925,VIMOS
261521, ELECTRO VOICE
112493,PT
849905,TIDO
4429985,Nam Thận Vương
224359,Ninda
4959121,Korea Bio Ginseng
189593,G'EXlife 
837259,Goman
215437,AHT
25229,Bosch 
4554495,CHIKIGON
4898665,The Moshav Farm
4899179,Queen Luxury
486875,femfresh
841705,SAIGIO
360931,Bioaqua
4987049,KEBIT
4988569,Genky
276247,KIOMIC
232807,JAMMY
634871,OSUN
4958627,DORON
4971657,FOOMEE
4973085,MetaOptima
4884089,BaoAn
111443,VSP
4417079,QMJ
4729325,Đông Châu Jewelry
5000771,HOH3
204665,OKIA
309775,Dược Phẩm Nhất Nhất
4698843,TOKIMORI
112921,LACOSTE
298899,Presonus
85871,OCEANIC
5160035,HARVIA
162007,Tecno
5009361,Hongo
159173,Zelenaya Apteka
112614,Fitbit
5012865,Benchmark
450333,Nanomax
5017349,Benchmark Scientific
5023565,ANH KHOA JEWELRY
853799,inFace
4603561,Eneloop
454327,Eau Thermale Avene
4629801,Python FLY
561415,	OEM
224735,GEDI
834577,Kim Sora
197473,Niva
152553,Juno Sofa
4440457,THE AURAGINS
879235,azaki
4973949,Kai Nguyễn
857199,MANOVA
4973087,GOLDEN LYPRES®
4440205,SOTERIA
209871,MPE
5043271,NBAYOU
713343,Gilaa
5026491,Oniiz
805165,HAZEAL
169461,Fancy
21285,Axe
847277,Reihaku Hatomugi
883511,Homepower
425641,kaneko
5068881,Jiroshi
205953,ZMI
253893,Aepel
5069951,DEDAKJ
865157,h20floss
4987269,RCF
191419,JB
19072,Elecom
5074055,BIOSEPTYL
4282483,Slimming care
193691,LABRADA
5046787,JangIn
865167,iLLON
273321,Vitatree
5073869,HyperWork
254733,LX
853809,C.O.K
509711,GOODNIGHT
294365,Pharmaact
368715,TOPK
182341,MTGoldArt
5010125,the fleura
4235555,ABCSPORT
5088109,GOLDEN FILL FACE
53040,Dettol
454561,KOMI
5097509,PMP
891455,TEMPUR
5076287,GREPACO
148535,Kim Cương
738407,Bling It
184543,KingSport
153450,Long Hưng
417653,Rocktape
5097407,Krush Professional
4249979,Mật ong CvdBeehoney
26209,COOL COLD
226667,Fucoidan 3-plus
261973,JRC
31670,Kodo
252285,THE SCENT
5063093,Jodily StarHome
204893,Lavamix
892751,TAKIHA
213611,HAKAWA
323847,NGP MAX
148826,Faster 
5075559,SMTech
293033,Krishna
151077,Ecoramic
355795,BEROCCA
231867,MT GOLD ART
144695,Daedong Korea Ginseng
5043913,kalpen
5173699,FAZ
5181029,Alipas
5175723,Doctor100
5144693,Juren
5144097,On's House
632211,Topping
5132429,Pico Technology
5147565,MAWA
873101,Candle Cup
517665,Trung Nguyên Legend
508185,Mcdodo
5082963,sokai
27397,Camry
616035,NGHIA FURNITURE
4928543,Klenzit
443897,Misound
212667,Samson
4888937,Sido Tech
829199,New Star Paper
579813, OEM
52232,Vivo
5160827,HAHANCO
5083533,ITek Việt Nam
5112675,Creative Medical
169015,Alexandre Christie
45898,Adriatica
432537,SmoothSkin
857523,RevitaLash
49128,Ugreen
5085219,Pimisi
361293,hoco
4819981,KETILO
478399,Nguyên Sinh
31701,Buheung
273691,HEWOLF
5048343,SeaSy
688391,Đông Y Xứ Mường
5183619,TACAVY
143476,Vacosi
523885,Long Phương
4228599,GoodnDoc
4712171,Toshiko
5040313,Humasis
113680,BB
247367,Ecoco
111736,Gamma
5175843,evercell
53819,Karofi
545405,LAPJS
530073,GHB 
5083311,YOGA QG
45603,NISSEI
886169,Lebenlang
156929,MIPOW
4250493,pehouse
608153,Livy’s
661985,Dr.MIC
363011,zoyi
242273, OLay
28008,Motorola
182863,LifeStyles
373379,HUYEN PHI COSMETICS
3973395,SenNai Furniture
48495,Aspasia
840703,InnerB
239897,Biotin
5204509,BABUNUO
505049,SVS
5382095,TAIKOMI
5182091,	C Callia
411559,Dux Ducis
208091,K2
171457,OUKESHI
5203333,AgriConnect
5207831,Tokushi
5207801,PH PUHA
194739,Momax
149236,EOM
5201353,Roger Technology
5159231,Gevi
4935523,Fujihome
4008673,SUMIN
537217,Medicare
5211513,YOCOCI
5211303,kingler
192615,A&PLUS
223415,Golden Gift Việt Nam
573215,ACM
143673,Luva
5132069,MINIIN
5207489,boca sure
431471,LACO
606305,DAICAT
618611,KGC
41506,Bormioli Rocco
711855,Wonder
4883627,LONstar
4766405,OZO
892671,Dr Glatt
403371,DTfood
4548297,Hataca
204385,Havit
5215707,Aquapick
5191813,Anne Semonin
5246949,VISPO
4558659,KLC
289291,Thiên Nhiên Việt
5222401,Kagawa
5224067,HL ABR Complex
234753,BÌNH ĐIỀN – MEKONG
185631,Schneider Electric
154455,Greenhome
33365,GoodLife
5233667,Dermalight
146202,ROCK SPACE
5225181,Cuttermasters
5199273,TÂM LUÂN Chổi lau ôtô tẩm dầu
48398,Ellips
186091,VINSA
5228261,Sunree
31512,TH
214935,Dr Michaels
5227079,ASTON
50025,Kimio
155487,An An
660685,BLUE PEACH
737489,Deji
180963,Monitor Audio
4732457,Bergami
281039,Bolca
4187373,CV
622961,MESOESTETIC 
565173,MQ Skin
4638969,tonic
930377,Nerman
532965,Sennio
5228529,Meidian
25535,Tanita
5095895,ElectroVoice
463577,Memo
5209695,ALASKA OMEGA 369
280191,INAX
254343,oce
5069783,DEADONG KOREA GINSENG
5249373,Lipstician
5249843,JHM
5331955,Tsubuporon
5255587,BKsound
5258105,Beolit 
4281839,Aurae
198877,Ezviz - Test
5252841,MTH JEWELRY
410199,Wella SP
883175,Hi-Sleep
3797113,NOOZ
5232359,Hitoor
5740935,BANG & OLUFSEN (B&O)
576869,Viko
5055663,Shoptida
5209537,HHH COLLECTION
5259865,Kềm Nhật
113119,Acnos
315481,Elip
4738431,Bụi Leather
5265159,Onemask
155842,Balance
5211335,Hasuta
5310901,sohi
181409,Marantz
7486975,Dương Minh Since 1984
5264641,Sea Choice
332203,3D Mask
4820975,Tuấn Phi Fishing
5200629,hona Life
220233,Lexar
632677,SEKA
80019,Eblue
5272071,dododios
273205,Garant
328295,KYMDAN
5305191,Befresh
177955,DURACELL
464767,Neostrata
4855937,KitAcoom
682635,Schiff Move Free
875757,Cheong Kwan Jang
5219281,AGOMI
5227303,taky home
872003,Huyền Phi
25533,Maxcare
228967,Mutural
736135,Solahart
4217099,Anna Tran
262521,M&L
21717,UNIQ
4683857,Oreni
4960305,Sugar
5337837,Dia Purple
861765,4 You Face Mask
5325303,Paperlike
364503,YESURE
5130989,M2T BEDDING
5306553,Fiona Tools
286925,okmua
861339,Dr.Saffron
25401,Eveline
153743,Alltimes Care
4964815,Minh House
251871,Ipek
5326719,America Longevity
196199,X-Men For Boss
497893,Trầm Hương An Nhiên
4603211,Fysoline
5324369,Seoulin Medicare
248533,HUION
5334715,Flawsome
5195449,SHB
4282553,Th Garden
217627,OPC
222805,BEYOND
164597,Codos
476503,rewell
160715,Tupperware
5354115,Theragun
489065,Tinh Dầu Xanh
50365,Monster
626205, Remax
160189,Honeco
198523,Bear
4820811,PEAFLO
5375205,Ocean Safety
5376747,GX9
5220265,DrCeutics
5375981,SÂM NGHỊ GIA
5302243,Ambusher
5339599,Xuyên Tâm Huyền Thảo
726703,Ampharco USA
5326489,QUATECH
427547,Cường Thịnh
5104653,Pharmacity
5334659,Environment 
52724,Vietnamobile
310913,Vileda 
4658569,Dr NDS
5380019,Lá House
5177735,O'Muse
5173455,MIANZ GROUP
49022,Sinobi
262661,dermalogica
4654165,CAO XOA GIANG'S
5333833,DRSUN
691575,CA SOUND
49994,ZTE
5203971,Việt Thư
151647,Mia
166495,Benks
5047129,Fairywill
5403099,Gypsy.lala
110944,Aroma
195775,Goal Zero
5656587,Nexta Smart Study 1
738187,Song Anh
865409,WAXIBA
171169,VNPT Technology
433157,BIK
406683,Plaid
5405899,FUKOJI
4869509,DOCTORK
5416059,An Trĩ Vương
5390319,F5 Spray
5055635,5Tech
5232357,Devialet 
256827,CIGA Design
4825983,phương tuyến
213321,OBAGI
5465099,Roichen
879595,SYNCA
5465159,PRE&PRO
20091,PANWORLD
243687, Philips
5515171,DEYROS
4267617,NanoTime Beauty
618355, Secret
450153,Sumi
5527787,CameWell
5088991,KYODO
4254031,xMOWI
4452467,PT Mask
233189,THIẾT BỊ Y TẾ VĨNH PHÚC
51333,KokOmega
8195109,Medtec
5379677,AHAHOME
5126697,wekome
251809,Bang & Olufsen
4878167,Rulax
456567,Starke
694997,FUJINA
5569349,solio
5585229,TMR - Tool In My Room
447239,Lucky Star
233221,Airphin
5641569,SEA CROSS FUCOIDAN
5178283,KTEL
364765,Megaphone
2157697,Okinawa
5150243,Dr.Np
4842843,Hồng Tâm
149978,BioGaia
162957,Fiio
4655707,Mugung
5334123,JYooHome
226333,ATA
5310209,YOSHI
5653553,SAIKE SAIKE
31978,Alcatel
208841,SKG
402501,CYKE 
621115,NAVITA 
5313735,One Mask
610895,SUPER CHEF
223153,JEX
5180961,Angela Gold
4966875,OLLI
5700191,OSIM
706667,Đại Uy
4685459,COBACOOK
25547,SoundMax
4974141,FOOD A HOLIC
839911,DR.HOANG
5163185,D&J
5710507,Hosa
5723205,Elly Secret
737521,Ablue
199239,PIX-LINK
222659,Elly
189471,KOBI
5718283,M&L
236471,Bảo Long
5559863,Latopic
859921,Sani
5706641,NAVIVU
50800,Aquafresh
191339,Đại Đồng Tiến
3730433,Demax
830359,mon lilas
5727919,Neslinen
429751,ELDAS
5406107,lilahome
487729,Bảo Thạch
508761,Refa
5728045,Hebora collagen
5725937,md ceuticals
630163,DVelinil
8195701,Before and After
7272031,COMPLIMENT
5724829,Draco
50278,FOODAHOLIC
143213,OMD
5719677,Time2Skin
281391,HANET
5307459,Fashion Eking Clothing
198287,Kingtony
362883,CITIPLUS
5003355,US ARMY
4502107,Jlab
870157,Jordan&Judy
517485,Nệm Thắng Lợi
301583,KHÁNH AN
7242233,Acefast
5707797,FMALL
660863,BIJINDO
5211293,Mela
4936133,ONETOUCH ULTRA PLUS
414885,Yong kang 
886549,KOSKO
215947,LANCI
223155,ONETOUCH
520883,Polkaudio
305739,PIME
5181283,Humanmotion
167443,Audiofrog
7276487,Sin Hair Sản Phẩm Chăm Sóc Tóc Cao Cấp
4539407,TiMa.lala
242713,Lagumi
5710451,gustard
157941,ADAM
5647959,MySun
5254613,iCockpit
7308379,Học Viện Yoga Quốc Gia National Yoga Academy
779129,Matrix Le'Cos
625577,Thomas Earnshaw
857381,The Deosd
7247787,iDesign
5534927,Feelex
7304169,TENAMYD PHARMA CORP. Health is Happiness
471591,Duy Lợi
7289267,Therabody
7288833,DORON the best service 
5250541,Jeeback
887567,Aekyung
4524605,WaterPush
324501,Zasami
7308373,SAKITO
5319853,TOMAHAWK
520283,iS CLINICAL
5400307,Ahohaw
112914,Salvatore Ferragamo
453229,Bio Way
362481,GLASS PRO
4403473,QUICK-NURSE
568747,vmart
85862,Air Bike
7245323,Shokz
208867,Wera
283595,BRITISH M
5385323,ACTISCAR
273763,Unitech
7304183,TEEMENT
7357661,Gạo NATURAL BEAUTY
7337473,QUYÊN LARA Natural product Spa Health club
18604,Lenovo
186463,Tora
426805,Queen crown
288079,Kingphar
592131,SUVINA
183637,Onyx Boox
7368293,Kitimop  Home Tool Cleaning
7355445,Redmagic
536905,AISHITOTO
183153,Klarstein
7356237,V LS
228293,LS
187341,Thalgo
4664633,Rhino Store
217549,3CE
24831,GlassLock
167237,Bảo Linh
198963,Bowers & Wilkins
233903,Black Shark
546943,Pro Glass
7322743,Nghia Furniture Best choice for nicehome
7367633,Eco deals
7373129,Crénot Heath
21282,Oral-B
7359327,M&L VIETNAM
508871, Osaka 
4720599,kegoda
7367417,CRATHERF
160479,Natura
726687,The Cocoon Original Vietnam
262161,Mochi
283985,Kevin.murphy
7375869,GIANG'S
186713,Kingma
7376347,Mysé
579381,MORADO
7377583,Antelope Audio
287013,VEIKK
276747,Perspirex 
550159,HẢI TRIỀU 
879749,Lava Home
7294187,E-SKY Coffee
505265,Liên Tâm
298425,Freestyle
40960,Intel
7380365,ERGOHOME
7368683,TYS TAI YANG SHEN
150437,Estée Lauder
4627197,BUMTEK
4920829,BOGO
150630,EOS
477953,An Tâm
7356423,Crénot
712435,AVpro
611709,American standard
40810,Phú Quý
17839,UNO
161943,Green
7391407,King Venus
7400131,Trầm Hương Hà Xá
5258275,mộc lâm
7379131,Gosashi
5332317,Dr.Sun
4899107,PRIMA ART
276181,EraClean
5375469,FIVO
4554385,GROHE
256727,Huy Thanh Jewelry
722993,WIT
5763205,HuQu
5465779,GONI
7303705,Perfect Lady
7244473,TATSU LUXURY
7428177,Slimcase
5659167,5 Tech
7457421,Ruffo
839837,FUNU
27468,OnePlus 
247279,SIEMENS
165337,Mitsubishi Electric
290031,PERFECT DIARY 
5172027,Enpis
5738319,Kai N
7481025,SUSANO
5207367,COBI Home
4301163,washima
5130185,Krass
7245301,Ceci
732689,Minh Long I
5144053,Tiens
153168,Matika
361359,FIRO
5217953,Boston Acoustics
7426417,Tundo
5096337,Poly
7492359,Royal Korean Red Pine
276917,Saffron KingDom
3974293,Zenyum
4284741,bamarau
529455,Bạch Tuyết
5415309,Gốm sứ GOSU
192113,Langtu
46004,Dickinson's
720365,MKT
201253,No Brand
197095,OKASA 
276721,AVITA TĂNG CÂN BỀN VỮNG
7507147,Globifer
6378473,Baiko
148529,Vạn Thành
7493501,TINH DẦU MỘC THỦY
290985,Berdywins
4489253,Renata
5266547,XM
7245289,Fits All
5261211,lapusen
7823083,MODERO
5230273,Joybos
536241,Kanen
7369997,Viderm Beauty
662577,SHIPADOO
7768689,Pepbu:w+
7294963,Crenot
166941,Coboté
192229,Massel
7806829,HATITA
112883,LipIce
220049,White Rain
464737,SHINECON
162947,Naim
425177,Hương Trang
445887,LEEU DESIGN
573293,Vtel
254741,ANANK
861723,I-Tek
227141,Nattokinase
7505233,COCAY HOALA VIETNAM
166193,Goly
150568,Forme
181195,Focal
7480987,Bang & Olufsen
4439523,BARWELL
27932,TCL
153313,UBL
7814835,VONVI
5648015,Jang In
20239,Harman Kardon
5383335,Pepe
7270983,Aswei
369895,KN Beauty
155565,KBVISION
508835,Fucoidan
461173,Vinasu
7818523,Sirmen
257401,Grandstream
4182359,ABERA
4584257,SKINAVIS
4245195,Herorange
7834805,Bering
488701,Daikiosan
448601,ROGTZ
5195985,venuko
7840203,Nguyên Vương
922811,anzzar
7841849,Sweepy
165405,JLW
64930,Tex
5211387,Hoda
5745605,DRU
5172107,Lorbern
7400143,PRETASA
739195,PASA COLLECTION
7843689,K2TOP
5727591,Triple White
4672141,TQJ
7259141,SONUSFABER
22017,Mobell
7844215,Skincode
26065,Audio-technica
7303721,BUMAS
550967,Superdrug
7873343,Kim cương đá quý Hải Anh
784117,Fuji Smart
519741,MegRhythm
7436599,Phụ Kiện Sưu Tầm HCM
7865367,Rich CoCo
5347313,MTMax
7874265,Ceragem
7882139,Be Homes
154011,QUAD
7878585,Nacurgo
835097,Home Basics
7367463,VINIEL VINIEL
496891,Dobo
7506947,NELI
7879249,FINO
7878607,VinER
5211083,LINH TAM SHOP
1940065,ABC SPORT
248385,24Care
689147,YumeiSakura
7884447,ROGUEKID
873871,MAILANDS
4504403,DecorNow
4827915,powergra
260983,DIZIZID
412133,KRK
7888803,TIKILabel
5514897,goodlight
7798515,INFACE SONIC
7882195,Yesido Just For You
298581,NEUTRIK
461155,Arigato
7362435,Fujicare
4671129,KING AROMA
49024,Boya
287541,I'm From
227935,Focallure
7896671,Loren Professional
47633,YUUMY
253481,Bayoka
154221,KAFF
241109,Yaman
475439,doukou
4584215,GM PERFECT MASK
192111,Lipon
7834983,BEBALANCE
7339853,C13 BEAUTY
181165,CAFELE
111839,Ajazz
638831,Peptide
7843315,aroki
369051,Doublesafe
223181,ROCMEN
50043,Lexy
714023,SMAS
7917161,Pharmatech
7401397,GoChek
850093,ZENDURE
50937,Phúc Loan
246767,Saveto
7980887,KIM TAE HEE
154009,Love Stone
847679,MAXHUB
3989637,Finetech
600319,HANNA
7881679,NACHU HOME STORE
931671,BRODA
932151,K-Bedding
7835789,Concept
7846077,YUN HUI
7917221,DEAR BODY
470537,Lavox
7982659,I&W CARNIVAL
4825271,Soika
4816109,Forwenw
629081,Levoit
925095,Go Green
7398711,HUTA Light For Life
5130835,fxaudio
5066745,GATERON
173519,AROTI
853295,HDPHARMA
508513,gsc+
7426365,+DEGOPHARMA
163367,iFi
623599,OROMI
251079,GARIS
853517,Takara
366783,BioHealth
199927,M-pros
308577,ATC
293765,Dạ Thảo Liên
47448,Gucci
5703717,PEALO
5128115,Ordinary
5519233,Kyung Lab
516735,HISTOLAB
191821,SENDEM
4702981,xdobo
8066475,Đông y lợi an
7282629,SDGOLD
423495,STARBUCKS
5660745,Ultrasun
622025,KOHAFU
7986307,Beyaki
5158377,DIASURE
8045451,ChopChop
8078587,SASUNO
8062221,JETZT 
8081277,LONG SPIN
421185, SOKANY
5714829,HGSG Pharma
156239,Budweiser
318953,MEGA WE CARE
8076595,Zuhausebasics
8095661,HIGH TECH GATE
418727,Tatana
4238765,Pơ Lang
5180143,Thiên Mộc Hương Agarwood Jewelry
5632183,Vibe
19288,Victorinox
567645,Healthy Beauty
8066963,AirBike sports
636739,JA
8115963,SAILAZA
5707537,HuePress
153088,Wonlex
113006,Hammer
926913,Oriss
711229,Quest
633815,L'Oreal Professionnel
512067,KINGO
49253,Burberry
113128,OK
7999559,Mai Vàng Rồng Việt
5717579,Samono
45991,Yison
198543,Nubia
168885,iWalk
845973,Viniel
253413,Karma
317587,J. Morita
8130821,Xencelabs
236337,Oaxis
194385,Stuhrling
624697,HEIKA
7863833,HighTechGate
665101,ALMONDS
7520663,PrettySkin
8131421,Sounarc
5173405,vua nệm
4649279,ACNOS SONCAMEDIA
229849,Schneider
31600,TEAM GROUP
282179,Dermaesthetics
7481227,Natural Pharm
8051609,Seago
143017,Dior
160905,GIVENCHY
8137269,Vicchamis
7476847,Topcharm
5262001,SmartChoice
195489,FUJI
7899545,LeeDesign
4403239,Lexical
639127,MORRA
191823,Safety Jogger
7864191,DORAFOODS
233859,AKKO
567779,A Little Bit VN
4206489,XIXA
5097143,Pharma Plus
8130109,NEWSKY
293201, JRC
625099,Valenza
199043,Golden Health
4820071,HUKAN
7308945,Waki Pharma
496837,ERICSON  LABORATOIRE
293805,YHL
212883,CARNIVAL
8095865,HG FURNITURE HiG
4964421,Kensonic
4642933,Hotexcol
5713881,Miota
708263,AZP
8170223,PJUR INTIMACY
415739,Mugens
147730,MINI FOCUS
8168015,Axiomtek
8167517,DDG
872001,Geumsan
869625,LỬA VIỆT
601737,LifeSport
594805,Le Labo
839873,Christian Louboutin
711599,Diptyque
4469567,Kolead
245551,Hager
7383163,Kyunglab
8169571,VTM
561913,Kilian
4001441,Telwin
617815,BIG DREAM
5658897,Trimax
443985,Vascovein
245121,IASO 
365727,Dược Phẩm Hoàng Vũ
20683,Pisen
499843,CHO-A Pharm
7294277,SiPU
453161,Playstation
7506817,Tiếp Hiện Thanh Bình
8173019,CGBIO
5262165,Eleven huesday
7368403,QT Bac Quang Than
577673,UNIE
713425,Ecowipes
8173499,XELEX
8173805,Makto
8164465,SS GLOVE
306417,hublot
8175461,Tisot
19057,Edifier
417447,CORAL
271491,Hồng Thiện Mỹ
4907967,KAW
276799,UNCLE BILL
8094975,SUYOSD
367597,UNIKA
4283997,Skin clinic
838811,Bam House
252755,Tomtoc
3795327,Rosle
243915,UGEE
215519,Zenbos
4995383,Ximo
7845813,Kieslect
700877,BAMOZO
884783,aishodo
5719107,Danny Jewelry
7835599,Skin Inc
7247657,Hải An Khang
8178761,Ulike
702699,IMAGE
722647,BEURER - ĐỨC
8182681,Initio Parfums Prives
511769,LEECO
7516279,Dừa LABO
4293715,WAKAMONO
718215,Lamaca
6484151,OEM (nobrand)
214421,HTX Sinh Dược
8184181,Orange1
7892089,Millenne
690631,DB ACOUSTIC
153999,Tokuyo
4563837,GF
628131,PINGRON
712223,LACTO-FIT
8187003,Shake Baby
8137481,RIBI
8195091,ANOSA
8194961,YUMY
331811,ATEN
8194965,DR. FAN
720887,ONLYOU
111644,Skagen
4534177, Moonsilver Jewelry
659879,Moondrop
810913,JCALLY
717061,Henry Blooms
579445,Jyme Jewelry
4251649,Vital Code
5156071,Ekseption 
181329,W-King
8190385,FBT X-LITE
8186835,NutriZabet
8189595,NANOX FOR BETTER LIFE
4977209,NR
8183299,Hanoia
8191753,TOZO
272933,HanMan
231689,Pulsar
413603,BM
18882,Skullcandy
5206871,TTCare
5307993,Thuận Dung
8166207,TOLIF
8189829,KN Kai.N
414669,FLYDIGI 
4232883,Ketoskin
148196,Bihaku
7843291,CorePAD
494489,sulada
425477,x-level
4548129,Mentor
142818,Zidli
48051,A4Tech
579233,KAKAO FRIENDS
891099,Serta
469505,Senyda Jewelry
463899,SG
26151,iBuffalo
198345,Soul
7376725,KAVVO
8175811,Shargeek
702761,Tecsun
8113141,Nanosalt
258483,Makeblock
479021,SCS
576515,T-WOLF
8189465,Newsound
6264871,Cmaudio
7825443,1 SK
172643,Antabax
368955,Saramonic
4246913,Aurec
8100185,KN SKIN
222115,Heliocare
8193089,Earthlyglow
178907,Buddy
7889719,H.Derma
5141153,Karmel
7415035,PS4
714691,SUR.MEDIC
8181541,SOTHING Xiangwu
411431,Innostyle
24909,Calvin Klein
578213,MiĐan
638039,BIOCYTE
215259,Tỏi Đen Châu Yên
845853,inno.N
5205677,Humancel
4407561,AmandaC Life
5179953,OTiV
881487,PUDERMA
722995,QIK HAIR
5168705,HEWEL
4003377,RITANA
4258811,Kutieskin
242895,Kissme
7419011,DAI CAT
7823749,ePharmacy
7304323,Kissme Heroine 
185157,Nova
8195095,LEVEE
8193651,regentox
8138899,wintel
185697,Nature Made
327645,The Skin House
674463,myAlo
145687,Mudaru
4251927,RED COOKIES
8183739,Maryaj
8169073,M W
288399,SPECIAL
250181,Singcare
613301,The Inkey List
8146111,Datacolor Spyder
179099,Thonet & Vander
486945,klavuu
50432,Kerasys
716223,Showemate
27961,PALMERS
8164011,Y DIỆU
861155,Pomona
495789,Mộc Hương
4741947,OTTERBOX
5121107,Jasoz
185265,MEE NATURE
8194293,Altawell
8194285,Kanayo
4247317,FCL (Fixderma Cosmetic Laboratories)
734589,MEIYING
550883,Jedel
223233,Guinness
8176703,nippi
4813065, API
470105,Mee Natural
5829937,Peppy Shana
288651,Lofree
3793401,Medic S
294433,Lemonade
250407,Nam Dược
183315,Bio Island
413747,Timeless Truth Mask
8078383,THERAMD
8192645,ONEMEN
213529,Martin
510967,DMX
8100443,Chan tam Pharma
471233,Mediplantex
4259871,VietTin Mart
203917,Welcos
8188233,Reiwa
8194777,Sleepmi
8194775,Akamama
7391941,KASJ
7338129,Vinh Thịnh Vượng VV
5242323,albus
5040375,Vconnex
4584203,Dr.Papie Việt Nam
7823755,LABORATORIOS BABÉ
8052179,BONBOX
591117,Wellmed
8194911,KALG
189983,Mini garden
8194921,Bimix
8191413,MALAP
622395,Kamel
148247,A Bonne'
5351873,Batise
8194465,Tebexerol
883525,GreenHand
527109,mazer
5728711,WALCH
208871,Jussy
40780,AUKEY
64137,ZOTAC
676077,LADYCARE
8195169,BRUNO VASSARI
162547,Jigott
632579,ROAMAN
5002791,Jean D'Arcel
444133,KINOHIMITSU
50479,Sebamed
8178065,TITAFA
7376321,HONIMORE NATURAL & HEALTHY
5249391,BFO
47484,MEDISANA
243107,DTECH
362793,TRN
185665,QKZ
221867,NutrioneLife
424299,MOAZ BEBE
277553,Trần Mao
197335,HERA
7324269,Vinaphar
574313,RILASTIL
8173845,Zily
408385,KDY ALOE
8195711,AMIVA
4696145,Kakusan
853413,Hương Thị
6272999,SU:M7
8195731,VAPARO
306897,Nature's Bounty
27390,Pharmekal
4438761,Befine
619971,Vitrue
206471,Joseph Joseph
229723,NUOKU
613101,CARE:NEL
7503671,Samsung Gum Jee Hwan
676055,Ester-C
486879,sterimar
5172305,Teawoong 
112499,Nhựa Chợ Lớn
8196121,Mibiti Prudente Professional
114515,SAKURA
4228643,BNIB
285975,Lisse
425489,PhanhDuong
27489,Garnier
8195827,half horse
53269,Principle Nutrition
74988,MAC
525351,Make Up For Ever
4773145,CharlotteTilbury
8196043,skinbetter
711483,Zo Skin Health
168073,North Bayou
4717113,PT Medical
567997,ALKARI
27376,Cung Đình
8177907,PHUSANG
8178267,Attack Shark
74755,TheBol
8169233,Tenzero
8182151,PS5
50446,Adiva
159799,Duy Guitar
624041,Transparent
5390495,Blon
205463,WORKPRO
152820,Jasic
41010,Nature Republic
220959,Marcato
8196232,Eunice Med
223741,CADIVI
207075,Fissler
561731,BIOGREEN
5283953,	AQUA HANOI
152392,Dewalt
686797,BiotechUSA
230971,GIVASOLAR
7851327,Thủy Hòa
406243,Ribeto
5528055,VIETHAS
4414249,HAPOVA
173483,PENTAX
7798795,YENplus
8183419,FlaskWay
675211,Aromatherapy
689369,R2D
7980991,Avant
8073017,Dr. Lipp
8196392,EVOR
513091,Atech
199775,Condition
40698,Neoflam
282973,DottorPrimo
929187,NION
178551,Vitis
4701461,Simplehuman
303001,cát tường
4650749,FL-ESPORT
4269821,RYO HYUNDAI WACORTEC
514405,FL Esports
8196398,beauty leaf
636191,Bora
7982755,Ensitech
213855,Saeco
421431,Bennix
7393659,TIMAX
411003,hohem
7289199,SUNTEK Build For Life
838371,kingeco
26855,Richell
189513,Hotchland Nutrition
234951,LEDGOES
203893,S.P.CA
536863,GreenCook
8191825,Scent Home VIET NAM
8196432,Erborian
8196645,Neom
471783,filorga
415523,confume
21407,Aroma
5188707,ECOFURNIX
7377629,D Danido
48497,Eco
5166975,Anh Lam Store
708725,iMat
467599,behome
623837,TRENY
